{"cameraMode":{"drawMode":0,"name":"Shaded","section":"Shading Mode"},"sceneLighting":false,"audioPlay":false,"sceneViewState":{"showFog":true,"showMaterialUpdate":false,"showSkybox":true,"showFlares":true,"showImageEffects":true,"showParticleSystems":true},"in2DMode":false,"pivot":{"x":7.808000087738037,"y":-3.258500099182129,"z":-0.004999998956918716},"rotation":{"x":0.08868755400180817,"y":-0.011052359826862812,"z":0.000984575250186026,"w":0.9959976673126221},"size":11.38056755065918,"orthographic":false}