{"cameraMode":{"drawMode":0,"name":"Shaded","section":"Shading Mode"},"sceneLighting":false,"audioPlay":false,"sceneViewState":{"showFog":true,"showMaterialUpdate":false,"showSkybox":true,"showFlares":true,"showImageEffects":true,"showParticleSystems":true},"in2DMode":false,"pivot":{"x":-0.18627452850341798,"y":-0.7371069192886353,"z":-11.845390319824219},"rotation":{"x":0.2072525918483734,"y":0.019959576427936555,"z":-0.004228635225445032,"w":0.9780747294425964},"size":65.35000610351563,"orthographic":false}